Id,First Name,Last Name,Username,Email,Birth Year,Phone,Street Number,Street Name,Postal Code,Origin,Job Title,Department,Company Name,Start Date,Last Online,IP Address
1,Harriet,Danovich,hdanovich0,hdanovich0@yellowpages.com,1986,513-747-4479,50484,Upham,,Native Hawaiian and Other Pacific Islander (NHPI),Office Assistant I,Support,White Group,7/29/2011,7:35 PM,140.232.55.240
2,Sherry,Edmunds,sedmunds1,sedmunds1@craigslist.org,2007,144-883-9021,023,Oakridge,57404 CEDEX,Sri Lankan,Budget/Accounting Analyst IV,Marketing,"Ebert, Harvey and Barrows",9/21/2014,2:57 PM,247.68.17.57
3,Maddi,Whitcombe,mwhitcombe2,mwhitcombe2@homestead.com,1988,765-217-4436,42174,Butterfield,29560-000,Choctaw,Cost Accountant,Business Development,"Konopelski, Crona and Hessel",7/19/2001,6:02 PM,57.5.11.159
4,Robby,Vlasenko,rvlasenko3,rvlasenko3@wikimedia.org,2005,204-509-1648,8159,Homewood,763 62,Micronesian,Cost Accountant,Human Resources,Ankunding-DuBuque,8/7/2017,2:40 PM,7.185.254.53
5,Rudy,Munday,rmunday4,rmunday4@a8.net,2003,258-645-0550,00,Erie,,Chickasaw,Senior Sales Associate,Marketing,Graham-Gibson,7/29/2008,7:25 PM,152.214.192.41
6,Prissie,Durning,pdurning5,pdurning5@wp.com,2008,192-490-8020,766,Farragut,633411,Paraguayan,Staff Scientist,Research and Development,Gerlach-Grant,8/22/2005,8:55 PM,40.23.162.1
7,Carissa,Larvor,clarvor6,clarvor6@cbsnews.com,1996,113-177-2444,591,Scofield,11504,Yaqui,Financial Advisor,Marketing,Conroy-Erdman,12/8/2013,1:26 PM,168.41.244.178
8,Anastasie,Oret,aoret7,aoret7@yahoo.com,2008,774-293-8797,9096,Vernon,,Alaskan Athabascan,Pharmacist,Training,Lind Inc,12/25/2003,9:40 PM,237.69.10.244
9,Waneta,Ferry,wferry8,wferry8@samsung.com,2009,243-133-8843,236,Victoria,3153,Asian Indian,Speech Pathologist,Product Management,"Walter, Murazik and Huels",7/12/2012,11:55 PM,143.180.78.70
10,Phedra,Danielian,pdanielian9,pdanielian9@sogou.com,2003,912-835-0605,9808,Bobwhite,05-280,Hmong,Legal Assistant,Accounting,"Bartoletti, Corwin and Schowalter",8/13/2008,8:15 PM,63.198.49.255
11,Thornie,Smeuin,tsmeuina,tsmeuina@booking.com,1992,150-879-8206,6806,Twin Pines,689400,Panamanian,VP Marketing,Engineering,"Lubowitz, Harvey and Kihn",5/12/2002,1:51 AM,197.79.214.130
12,Peyter,Fintoph,pfintophb,pfintophb@berkeley.edu,1994,861-741-9157,9,Bunting,55-320,Colville,Nurse,Engineering,"Adams, Vandervort and Zboncak",3/12/2019,4:03 PM,38.45.20.69
13,Reggy,Jahnke,rjahnkec,rjahnkec@discuz.net,2002,677-247-6704,4978,Gateway,,Puget Sound Salish,Marketing Assistant,Research and Development,"Lesch, Cummerata and Schulist",12/16/2002,12:17 AM,96.22.145.89
14,Lexine,Dowdell,ldowdelld,ldowdelld@ihg.com,1997,763-480-1250,03512,John Wall,353226,Bangladeshi,Research Associate,Legal,O'Kon Group,8/17/2009,8:51 PM,152.27.236.53
15,Allianora,Bollans,abollanse,abollanse@hp.com,2011,931-885-9931,1340,Oneill,,Iroquois,Administrative Officer,Marketing,Sipes-Kirlin,8/25/2015,8:48 AM,34.199.157.152
16,Gregory,Bargery,gbargeryf,gbargeryf@linkedin.com,1984,273-387-3050,49879,Ridgeview,19470-000,Argentinian,Project Manager,Business Development,Jaskolski Group,10/5/2014,7:53 PM,162.168.169.105
17,Corissa,Cleevely,ccleevelyg,ccleevelyg@dmoz.org,2006,631-482-7123,97961,Sage,,Aleut,Clinical Specialist,Research and Development,"Hane, Bartoletti and Wuckert",2/2/2020,12:14 PM,246.239.71.176
18,Andree,McInteer,amcinteerh,amcinteerh@ft.com,1998,267-458-3949,67,Messerschmidt,,Blackfeet,Health Coach II,Human Resources,Buckridge-Herman,1/30/2004,12:03 AM,47.131.77.117
19,Gardner,Cunniff,gcunniffi,gcunniffi@google.nl,2007,956-561-3526,229,Larry,,Laotian,Research Associate,Human Resources,"Walter, Crist and Kovacek",6/9/2006,10:30 AM,115.27.208.12
20,Cos,Staton,cstatonj,cstatonj@nature.com,2011,109-340-2700,68,Melrose,,Indonesian,Staff Accountant III,Sales,Murray Group,6/23/2004,11:54 PM,106.58.20.154
21,Warde,Croom,wcroomk,wcroomk@digg.com,1991,182-528-0115,51,Springs,97670,Chickasaw,Marketing Assistant,Legal,Ortiz-Lebsack,12/1/2007,6:57 AM,104.229.69.6
22,Brinna,MacGilfoyle,bmacgilfoylel,bmacgilfoylel@homestead.com,1985,602-818-3585,9461,Oneill,,American Indian and Alaska Native (AIAN),Physical Therapy Assistant,Research and Development,"Bode, Mitchell and Nienow",12/19/2003,3:59 PM,65.218.78.110
23,Flossi,Teal,ftealm,ftealm@phpbb.com,2006,843-885-2343,82,Nancy,,Taiwanese,Office Assistant II,Training,"Gusikowski, Hegmann and Mann",3/27/2012,4:27 PM,70.26.132.46
24,Winna,Le Grys,wlegrysn,wlegrysn@wufoo.com,2000,788-443-4367,42,Hooker,,Paiute,Software Consultant,Services,"Green, Labadie and Daugherty",8/13/2014,3:13 PM,80.115.249.225
25,Odele,Hasling,ohaslingo,ohaslingo@hao123.com,2003,278-948-4609,774,Doe Crossing,,Asian Indian,Office Assistant I,Legal,Frami and Sons,11/9/2009,3:18 PM,61.38.173.20
26,Hamel,Beddingham,hbeddinghamp,hbeddinghamp@msn.com,2009,797-911-7772,162,Calypso,,Kiowa,Compensation Analyst,Research and Development,Kemmer-Auer,1/25/2001,2:06 PM,205.9.135.168
27,Wake,Penberthy,wpenberthyq,wpenberthyq@typepad.com,1994,308-873-4259,8,Manley,,Paiute,Analog Circuit Design manager,Business Development,"Howell, Grant and Olson",4/19/2017,9:19 PM,84.44.232.171
28,Tan,Leadbitter,tleadbitterr,tleadbitterr@ox.ac.uk,1994,857-104-8316,74,Muir,,Peruvian,Programmer II,Accounting,Reilly LLC,6/7/2011,1:52 AM,138.180.78.67
29,Charis,MacCarter,cmaccarters,cmaccarters@tinyurl.com,1991,684-626-8763,671,Mayfield,,Asian,Recruiting Manager,Training,Block-Prohaska,1/22/2013,2:55 PM,89.103.133.25
30,Judd,Gallard,jgallardt,jgallardt@alexa.com,1989,156-952-5509,0613,Magdeline,,Tongan,Human Resources Assistant IV,Human Resources,Botsford-Leffler,1/16/2016,12:05 AM,181.123.18.6
31,Kristoffer,Ninotti,kninottiu,kninottiu@wsj.com,2000,669-163-6985,3,Raven,86-105,Choctaw,Physical Therapy Assistant,Engineering,Huels-Skiles,5/27/2005,9:17 AM,186.12.91.86
32,Karel,Yurshev,kyurshevv,kyurshevv@mayoclinic.com,1995,866-151-2896,64630,Merchant,,Sri Lankan,Assistant Professor,Accounting,Jacobs-Ruecker,1/19/2007,1:48 AM,17.79.223.47
33,Garold,Hulstrom,ghulstromw,ghulstromw@xing.com,1987,959-194-5651,02228,Arrowood,,Chamorro,Internal Auditor,Engineering,"Collins, Gusikowski and Rodriguez",4/26/2014,11:12 PM,64.100.29.71
34,Cassy,D'Alessio,cdalessiox,cdalessiox@1688.com,2004,796-643-1041,20,Magdeline,3517,Ecuadorian,Graphic Designer,Marketing,Hayes Group,1/19/2011,2:41 PM,55.193.60.83
35,Sloan,McKennan,smckennany,smckennany@freewebs.com,2009,461-617-6360,4,Declaration,,Cambodian,Administrative Officer,Accounting,Rosenbaum-Prohaska,4/28/2000,8:08 AM,231.92.94.108
36,Mozelle,Geater,mgeaterz,mgeaterz@infoseek.co.jp,2005,568-721-7998,7,Sauthoff,601808,Dominican (Dominican Republic),Physical Therapy Assistant,Accounting,"Erdman, Schroeder and Hettinger",7/12/2012,2:54 AM,96.240.140.27
37,Mendie,Marwood,mmarwood10,mmarwood10@oaic.gov.au,1990,153-436-7846,4230,Di Loreto,,Bangladeshi,Executive Secretary,Human Resources,Abshire Group,7/25/2009,10:49 AM,17.50.231.110
38,Karlyn,Van Arsdall,kvanarsdall11,kvanarsdall11@elpais.com,1993,134-453-6957,593,Blackbird,95320-000,Panamanian,VP Sales,Business Development,"Shields, Treutel and Shields",4/27/2003,2:30 AM,144.116.171.208
39,Davina,Spinas,dspinas12,dspinas12@hugedomains.com,2009,852-735-0451,453,Anhalt,,Tohono O'Odham,Chief Design Engineer,Marketing,Wilderman-Lockman,2/29/2008,12:20 PM,28.102.57.108
40,Kellie,McSperron,kmcsperron13,kmcsperron13@pbs.org,2005,491-824-2057,702,Parkside,V8S,Chamorro,Pharmacist,Legal,Yundt-Zemlak,9/30/2002,5:30 PM,208.219.72.8
41,Retha,Trownson,rtrownson14,rtrownson14@wp.com,2004,417-558-0184,80,Lillian,,Seminole,VP Accounting,Legal,"Gerhold, Bogan and Russel",7/3/2001,6:25 AM,155.18.92.104
42,Katalin,Wallas,kwallas15,kwallas15@goo.ne.jp,2011,447-566-6859,0,American Ash,,Creek,Tax Accountant,Business Development,Denesik and Sons,5/24/2014,10:14 AM,41.31.116.109
43,Roselia,Smewin,rsmewin16,rsmewin16@tripadvisor.com,1990,406-140-5830,11284,Victoria,,Lumbee,Tax Accountant,Business Development,Kessler LLC,8/28/2002,7:21 AM,5.116.166.147
44,Horacio,O' Molan,homolan17,homolan17@guardian.co.uk,1994,776-654-7587,2504,Reinke,345-0036,Potawatomi,Account Coordinator,Support,Witting Inc,5/1/2006,3:33 AM,205.98.185.162
45,Creigh,Edon,cedon18,cedon18@mit.edu,2003,465-315-5573,40519,Schurz,35102 CEDEX 3,Spaniard,Help Desk Technician,Marketing,Funk-Effertz,11/1/2004,8:12 PM,80.106.231.226
46,Frederica,Molloy,fmolloy19,fmolloy19@posterous.com,2006,637-167-8285,119,Mccormick,,Osage,Staff Scientist,Product Management,Weissnat and Sons,5/5/2007,1:33 PM,32.74.171.158
47,Lauree,Steane,lsteane1a,lsteane1a@tinyurl.com,2003,955-863-5474,47,Namekagon,,Crow,Help Desk Operator,Legal,Gerhold-Hahn,6/23/2012,2:52 AM,109.77.44.250
48,Holly-anne,Heamus,hheamus1b,hheamus1b@biglobe.ne.jp,1985,325-334-5491,14,Columbus,92924 CEDEX,Chickasaw,Developer IV,Training,"Wyman, Senger and Schoen",12/22/2003,5:12 PM,93.90.134.252
49,Annabela,Beetlestone,abeetlestone1c,abeetlestone1c@hostgator.com,2005,248-462-5055,5,Mcguire,,Cree,Media Manager II,Engineering,Altenwerth and Sons,12/15/2005,7:22 AM,82.205.186.53
50,Lawry,Meaking,lmeaking1d,lmeaking1d@fotki.com,1985,422-397-9277,203,Truax,,Chilean,Data Coordiator,Engineering,Rippin-Brown,1/28/2011,11:04 AM,184.235.57.60
51,Cyb,Wythe,cwythe1e,cwythe1e@google.it,1993,961-155-3040,487,Emmet,,Cherokee,Budget/Accounting Analyst I,Training,Senger-O'Hara,3/15/2017,11:55 PM,81.53.195.190
52,Robina,Durram,rdurram1f,rdurram1f@geocities.jp,1993,924-594-0253,27,6th,2608,Menominee,Assistant Manager,Legal,"Heidenreich, Treutel and Altenwerth",3/1/2002,2:36 AM,91.40.28.195
53,Shannan,Treasure,streasure1g,streasure1g@com.com,2002,131-333-1384,01,Miller,9210,Taiwanese,Paralegal,Product Management,Erdman-Kohler,12/31/2015,9:14 PM,128.102.182.127
54,Husain,Paddon,hpaddon1h,hpaddon1h@yellowbook.com,2011,859-849-6894,4,Eastwood,,Yakama,Statistician I,Sales,"Schinner, Ruecker and Leuschke",8/3/2019,3:40 PM,169.83.194.222
55,Drud,Swanbourne,dswanbourne1i,dswanbourne1i@disqus.com,2004,570-941-1937,7,Washington,59360-000,Chippewa,Staff Scientist,Training,"Marquardt, Wyman and Beier",5/7/2000,8:50 PM,149.192.21.99
56,Dona,Acheson,dacheson1j,dacheson1j@ibm.com,1948,524-793-6017,648,Daystar,795-0089,Cambodian,VP Product Management,Human Resources,Reichert Group,1/11/2003,5:05 AM,250.57.208.198
57,Katharine,Anstis,kanstis1k,kanstis1k@discuz.net,2004,789-208-8030,01,Montana,960-1476,Puerto Rican,Structural Analysis Engineer,Accounting,Bailey-Klocko,11/22/2012,3:40 AM,51.66.166.108
58,Alan,MacCorley,amaccorley1l,amaccorley1l@discovery.com,2004,792-681-0507,2,Calypso,88930,Delaware,Recruiter,Engineering,Hauck Group,12/7/2019,6:22 AM,166.0.89.234
59,Sarene,Mival,smival1m,smival1m@wufoo.com,2006,433-310-1703,673,Warrior,186167,Guamanian,Senior Quality Engineer,Business Development,Schowalter-McKenzie,5/21/2015,11:30 AM,83.75.229.81
60,Alina,Vile,avile1n,avile1n@list-manage.com,2005,221-480-4357,6,Jenifer,97500,Vietnamese,Internal Auditor,Product Management,"Tremblay, Kassulke and Ziemann",10/3/2018,1:49 AM,21.158.106.94
61,Maureen,Neesam,mneesam1o,mneesam1o@rediff.com,1987,908-380-7816,8,Buell,,Navajo,Junior Executive,Engineering,"Ullrich, Kunde and Emard",12/22/2012,4:40 AM,249.89.171.169
62,Stanwood,Looby,slooby1p,slooby1p@cdbaby.com,2007,467-852-5476,36,Montana,989-0222,Colville,Senior Quality Engineer,Legal,Bradtke-Fritsch,1/20/2006,10:00 PM,11.159.158.132
63,Marleen,Gusney,mgusney1q,mgusney1q@dropbox.com,2004,586-970-1710,5,Helena,5504,Sri Lankan,VP Product Management,Marketing,"Schaden, Hettinger and Barrows",8/14/2012,8:02 PM,29.28.37.192
64,Vere,Allitt,vallitt1r,vallitt1r@sphinn.com,2012,663-683-0323,611,Sauthoff,,Spaniard,Financial Advisor,Legal,Morissette-Boyle,3/6/2000,5:10 AM,49.30.133.128
65,Jerry,Olivet,jolivet1s,jolivet1s@time.com,1994,252-838-3351,3261,Continental,3297,Korean,GIS Technical Architect,Services,Nolan-O'Conner,10/20/2019,3:07 AM,250.153.18.229
66,Dana,Ibbeson,dibbeson1t,dibbeson1t@ucla.edu,2012,565-716-5112,15018,Walton,94804 CEDEX,Central American,Software Consultant,Product Management,"Smith, Frami and Kuhlman",4/18/2004,4:32 PM,252.194.18.127
67,Whittaker,McAughtrie,wmcaughtrie1u,wmcaughtrie1u@oakley.com,1996,993-923-5669,92,West,89204 CEDEX,Uruguayan,Business Systems Development Analyst,Sales,"Balistreri, Balistreri and Konopelski",3/16/2013,10:22 AM,204.209.188.253
68,Read,Dendon,rdendon1v,rdendon1v@tamu.edu,2001,553-848-5387,08,Vera,,Cree,Executive Secretary,Training,Rogahn Group,7/13/2019,7:03 PM,95.54.39.0
69,Darleen,Cardiff,dcardiff1w,dcardiff1w@loc.gov,2009,676-568-9959,78,Hintze,37795-000,Puget Sound Salish,Research Nurse,Marketing,Parker-Hansen,3/17/2018,8:21 AM,143.78.117.89
70,Brittney,Burker,bburker1x,bburker1x@uol.com.br,2006,984-414-5942,74685,Fair Oaks,,Yaqui,GIS Technical Architect,Research and Development,"Funk, Conroy and Hamill",4/18/2010,3:40 PM,34.54.92.12
71,Eamon,Minor,eminor1y,eminor1y@elegantthemes.com,2006,391-965-2050,79,Oxford,,Chilean,Accounting Assistant IV,Product Management,"Kunde, Monahan and Kilback",7/9/2016,12:06 PM,162.84.74.247
72,Dagmar,Pittway,dpittway1z,dpittway1z@cargocollective.com,2011,801-775-8745,8,Green Ridge,,Shoshone,Statistician II,Sales,Leuschke-Goodwin,10/1/2000,7:16 PM,250.32.30.179
73,Rosanna,Andover,randover20,randover20@artisteer.com,1988,492-502-2997,90,Buhler,65111,Thai,Legal Assistant,Sales,Parker-Emmerich,10/29/2013,9:44 AM,148.153.196.115
74,Ansley,Hobbing,ahobbing21,ahobbing21@wikipedia.org,1984,977-668-7029,3,Forest Run,,Colombian,Senior Developer,Marketing,"Koss, Bruen and Stoltenberg",1/3/2016,6:31 AM,55.73.36.187
75,Vasili,Casaccio,vcasaccio22,vcasaccio22@linkedin.com,2007,696-143-0304,7,Del Mar,,Guamanian,Quality Control Specialist,Research and Development,"Ward, Buckridge and Wilderman",2/9/2012,5:49 AM,8.141.114.192
76,Vevay,Algore,valgore23,valgore23@pagesperso-orange.fr,1990,228-719-0739,166,Pankratz,,Seminole,Sales Representative,Marketing,Streich LLC,11/20/2012,8:18 PM,149.77.25.152
77,Charmain,Learoid,clearoid24,clearoid24@odnoklassniki.ru,2007,669-941-7302,3,Sutteridge,,Alaskan Athabascan,Systems Administrator IV,Engineering,Nikolaus Group,7/6/2001,9:09 PM,206.3.244.239
78,Anissa,Perigo,aperigo25,aperigo25@last.fm,2004,520-627-6235,2,8th,242640,Cheyenne,Associate Professor,Training,"Stark, Mills and Hoeger",3/28/2015,3:37 PM,167.59.128.110
79,Maible,Tokell,mtokell26,mtokell26@icio.us,2012,616-942-1515,64,Mesta,L0R,Filipino,Help Desk Operator,Human Resources,Terry Inc,1/6/2007,3:53 PM,164.244.248.110
80,Merv,Holworth,mholworth27,mholworth27@columbia.edu,2006,521-411-7259,0,Dawn,,Uruguayan,Occupational Therapist,Accounting,"Feest, Kohler and Cartwright",4/6/2011,11:12 PM,234.62.253.8
81,Wynny,Kitter,wkitter28,wkitter28@umn.edu,2005,698-507-0954,891,Sutherland,,Malaysian,Programmer II,Product Management,Huels-Keeling,3/14/2001,8:14 PM,223.240.7.32
82,Georgina,MacFarlane,gmacfarlane29,gmacfarlane29@ca.gov,1987,935-777-4961,38,Eagan,,Lumbee,Junior Executive,Support,"Schamberger, Schamberger and Bogan",1/22/2007,9:08 AM,98.59.165.118
83,Rooney,Argrave,rargrave2a,rargrave2a@nasa.gov,2003,485-988-3096,2860,Doe Crossing,31201 CEDEX 2,Chickasaw,Web Designer II,Training,Hansen Group,10/29/2005,10:08 AM,99.74.39.85
84,Elena,Biasetti,ebiasetti2b,ebiasetti2b@mozilla.org,2011,910-902-9826,7,Red Cloud,31709 CEDEX,Vietnamese,Automation Specialist II,Engineering,Quitzon and Sons,7/28/2011,10:40 PM,138.209.163.116
85,Hadleigh,Softley,hsoftley2c,hsoftley2c@tumblr.com,2009,626-381-9792,4036,Everett,1743,South American,Mechanical Systems Engineer,Sales,Johns Inc,8/27/2018,6:57 AM,161.253.46.25
86,Lizbeth,Bentjens,lbentjens2d,lbentjens2d@utexas.edu,1991,320-120-7144,66871,Kim,75610,Native Hawaiian and Other Pacific Islander (NHPI),Executive Secretary,Support,Johnston Group,3/14/2002,1:06 PM,177.79.154.176
87,Genia,Morena,gmorena2e,gmorena2e@japanpost.jp,1990,202-325-3270,6855,Stoughton,20220,Cherokee,Computer Systems Analyst IV,Services,O'Kon Inc,1/1/2013,4:04 PM,110.255.208.15
88,Karil,Guerro,kguerro2f,kguerro2f@blog.com,1994,132-248-4953,3,Gale,10510,Japanese,Assistant Professor,Legal,"Ondricka, Deckow and Wintheiser",9/4/2009,6:05 PM,9.176.49.141
89,Coral,Glaum,cglaum2g,cglaum2g@alibaba.com,1992,521-542-1427,5,Jenna,,Apache,General Manager,Research and Development,Spinka and Sons,3/5/2016,2:49 PM,144.162.153.135
90,Milena,Pods,mpods2h,mpods2h@illinois.edu,2011,881-286-6717,98627,Loftsgordon,52311,Colombian,Compensation Analyst,Training,Gottlieb and Sons,12/19/2019,9:46 AM,131.255.226.45
91,Lewiss,Bahls,lbahls2i,lbahls2i@chronoengine.com,1997,436-207-4851,62133,Declaration,,Choctaw,Physical Therapy Assistant,Training,Hoeger-Schiller,8/28/2010,6:31 AM,29.33.55.206
92,Arvy,Orknay,aorknay2j,aorknay2j@symantec.com,2009,399-779-5670,72695,Laurel,,White,Quality Control Specialist,Support,Haley-Armstrong,8/14/2001,4:36 PM,160.155.35.99
93,Marc,Tanser,mtanser2k,mtanser2k@plala.or.jp,1997,883-207-3934,9544,East,929-1576,Filipino,Food Chemist,Services,Veum Group,9/21/2018,9:44 PM,47.86.206.16
94,Olivette,Tankus,otankus2l,otankus2l@tmall.com,1993,505-598-8863,73989,Granby,,Kiowa,Human Resources Manager,Human Resources,Spencer-Lemke,10/3/2004,9:58 PM,148.244.222.232
95,Florry,Jenkyn,fjenkyn2m,fjenkyn2m@mozilla.org,2004,263-592-5028,69,Algoma,777 82,South American,VP Quality Control,Marketing,"Muller, Gerhold and Kuhic",10/21/2019,11:54 AM,170.121.37.43
96,Enos,Bettanay,ebettanay2n,ebettanay2n@auda.org.au,1987,763-391-7241,72,Dexter,285 35,American Indian and Alaska Native (AIAN),Speech Pathologist,Human Resources,"King, Thiel and Yundt",10/9/2016,7:21 PM,231.106.28.64
97,Rhody,Tweedle,rtweedle2o,rtweedle2o@cam.ac.uk,1985,695-499-0888,119,Mccormick,,Ecuadorian,Sales Representative,Marketing,Streich-Jakubowski,9/1/2013,10:28 PM,45.148.178.241
98,Bamby,Cater,bcater2p,bcater2p@weebly.com,1986,106-438-3179,92,Warrior,2310,Venezuelan,Structural Analysis Engineer,Human Resources,"Mitchell, Jakubowski and Jakubowski",12/5/2016,11:31 AM,239.169.245.176
99,Leonhard,Downs,ldowns2q,ldowns2q@hp.com,2007,990-607-8111,44,Westend,4325,Native Hawaiian and Other Pacific Islander (NHPI),Chief Design Engineer,Legal,"Harris, Terry and Rosenbaum",11/1/2013,2:53 AM,6.215.18.217
100,Lilith,Gatland,lgatland2r,lgatland2r@sfgate.com,1963,145-588-7765,98105,Pawling,,Melanesian,Staff Accountant I,Engineering,Carroll-Emard,5/26/2007,10:46 PM,196.160.253.184
101,Maia,Anderbrugge,manderbrugge2s,manderbrugge2s@angelfire.com,2001,253-149-2092,1,Village Green,61200,Colombian,Account Coordinator,Product Management,Abernathy Inc,10/14/2002,7:39 AM,112.246.84.144
102,Chickie,Reveley,creveley2t,creveley2t@jigsy.com,1992,811-366-9422,06868,Larry,5009,Houma,Administrative Officer,Legal,Roob-Feest,8/31/2017,7:32 AM,199.15.152.239
103,Teodoro,Eadmeads,teadmeads2u,teadmeads2u@latimes.com,2012,157-984-5654,73518,Anderson,997-1204,Sri Lankan,Social Worker,Research and Development,Koss LLC,4/7/2019,10:55 AM,174.34.100.34
104,Bonny,Rist,brist2v,brist2v@dion.ne.jp,2000,286-130-2228,441,Florence,,Shoshone,Information Systems Manager,Services,Hagenes-Cassin,7/11/2009,6:14 PM,247.157.46.165
105,Aloise,Mulmuray,amulmuray2w,amulmuray2w@dmoz.org,2010,467-743-9503,40,Lien,,Yuman,Senior Developer,Legal,"O'Reilly, Runolfsson and Mills",2/8/2020,4:38 PM,86.77.219.53
106,Krista,Woodison,kwoodison2x,kwoodison2x@smugmug.com,2005,352-246-6576,569,Toban,,Chippewa,Operator,Legal,Howe-Hane,10/24/2016,1:02 PM,111.220.164.233
107,Bernice,Eddie,beddie2y,beddie2y@soup.io,2007,561-843-1928,70,Moland,,Costa Rican,Analog Circuit Design manager,Business Development,Haag and Sons,9/1/2016,11:30 PM,169.240.171.196
108,Olivero,Sex,osex2z,osex2z@technorati.com,2001,613-933-3791,0814,Mifflin,49680-000,Chamorro,Sales Representative,Research and Development,Metz LLC,10/10/2008,8:58 AM,166.161.81.142
109,Gawain,Mundy,gmundy30,gmundy30@home.pl,2005,142-258-9603,18451,Talisman,,Tohono O'Odham,Compensation Analyst,Training,Dare-Wilkinson,4/27/2002,5:32 PM,225.138.44.119
110,Theodore,Zaple,tzaple31,tzaple31@comcast.net,2000,202-983-6610,3473,Bonner,20380,American Indian,Office Assistant II,Engineering,"Bernier, Feeney and Schmitt",12/25/2000,1:36 AM,85.106.191.208
111,Cory,Muscroft,cmuscroft32,cmuscroft32@mapy.cz,2008,725-171-2390,55,Forster,1144,Chilean,Account Representative II,Services,Bernhard-Mueller,9/8/2005,7:49 PM,26.160.41.197
112,Connor,Willingam,cwillingam33,cwillingam33@craigslist.org,2004,663-449-5282,44,Old Shore,,Thai,Staff Accountant III,Business Development,Fay Inc,7/4/2019,5:05 AM,201.69.83.71
113,Drusie,Vasilenko,dvasilenko34,dvasilenko34@theglobeandmail.com,2000,644-137-5026,90,Sundown,55515-000,Micronesian,Help Desk Operator,Accounting,"Nitzsche, Gutmann and Terry",7/16/2004,12:47 PM,77.21.184.14
114,Olivero,Cheek,ocheek35,ocheek35@joomla.org,2007,417-878-9994,40,Shoshone,9309,Fijian,Design Engineer,Sales,Morissette-Gusikowski,12/30/2019,7:52 AM,84.238.153.224
115,Rodrique,Scotchmore,rscotchmore36,rscotchmore36@a8.net,2007,584-516-0202,84360,Westport,,Alaskan Athabascan,Recruiting Manager,Product Management,Prosacco Group,2/10/2004,5:14 AM,14.11.39.25
116,Anstice,Silber,asilber37,asilber37@timesonline.co.uk,1997,694-488-5691,84,Main,,Korean,Database Administrator I,Engineering,Cartwright-Labadie,9/17/2011,10:09 AM,126.196.153.249
117,Vaughan,Roly,vroly38,vroly38@nature.com,2007,196-548-0655,101,2nd,04005,Colombian,Product Engineer,Support,"Gusikowski, Rogahn and Witting",12/26/2000,1:44 AM,100.16.96.175
118,Nicolis,Reames,nreames39,nreames39@discovery.com,1995,112-239-5267,63,Stang,,Seminole,Systems Administrator II,Product Management,Boyle-Kiehn,6/12/2015,11:15 AM,6.3.202.151
119,Alick,Quipp,aquipp3a,aquipp3a@weibo.com,1998,663-652-0630,98,Park Meadow,1330,Chamorro,Senior Quality Engineer,Product Management,"Satterfield, Renner and Johnston",9/29/2018,4:43 AM,64.0.91.36
120,Lionel,Daout,ldaout3b,ldaout3b@zdnet.com,1992,923-310-0012,8004,Westerfield,,Seminole,Mechanical Systems Engineer,Marketing,Dare and Sons,9/15/2012,1:04 AM,178.77.58.198
121,Curtis,Spada,cspada3c,cspada3c@symantec.com,2003,720-265-3778,23293,Buell,L-5431,Chinese,Nurse Practicioner,Training,Johns-Cummerata,8/18/2000,11:51 PM,43.72.163.140
122,Lulu,Blaise,lblaise3d,lblaise3d@usnews.com,1992,302-667-2751,528,Lillian,17860-000,Pima,VP Quality Control,Research and Development,Conroy Inc,3/11/2018,7:08 AM,145.113.12.89
123,Arlena,Denslow,adenslow3e,adenslow3e@hao123.com,2000,722-205-4237,22,Northfield,3009,Paraguayan,Developer III,Research and Development,Stroman and Sons,3/29/2015,8:26 PM,169.253.35.243
124,Nichols,Petty,npetty3f,npetty3f@wired.com,2007,465-477-8257,15,Katie,91965 CEDEX,American Indian and Alaska Native (AIAN),Food Chemist,Training,"Aufderhar, Bernier and Rohan",11/18/2012,3:39 AM,129.4.225.17
125,Jacquie,Sotham,jsotham3g,jsotham3g@tinyurl.com,2000,580-633-0633,24,Del Sol,646880,Colville,Librarian,Accounting,"Koepp, Bartoletti and Upton",3/26/2005,3:35 AM,224.231.87.7
126,Maddi,McCaskill,mmccaskill3h,mmccaskill3h@bluehost.com,2001,984-559-9200,8,Sommers,,Puerto Rican,Programmer II,Human Resources,Schaden and Sons,6/25/2008,10:09 PM,214.150.250.79
127,Phyllida,Fears,pfears3i,pfears3i@dell.com,2011,654-907-1733,3395,Orin,,Korean,Software Consultant,Legal,"Swift, Cummerata and Senger",3/25/2010,6:35 PM,84.162.250.186
128,Leonie,Shea,lshea3j,lshea3j@timesonline.co.uk,1993,327-775-0676,698,Sloan,09-101,Polynesian,Cost Accountant,Marketing,Waters LLC,10/25/2003,5:26 PM,242.239.209.192
129,Wright,Raft,wraft3k,wraft3k@usgs.gov,2006,777-743-4613,1,Dixon,,Chippewa,Senior Financial Analyst,Research and Development,Kuhlman LLC,9/15/2018,5:39 AM,78.10.50.192
130,Rutger,Matuszinski,rmatuszinski3l,rmatuszinski3l@home.pl,2001,931-180-2805,93,Golf,,Sioux,Software Engineer III,Sales,"Turcotte, Williamson and Reynolds",8/24/2018,12:25 PM,98.28.203.127
131,Jimmy,Vaugham,jvaugham3m,jvaugham3m@rediff.com,2009,837-126-4954,69739,Carioca,9200-078,South American,Environmental Tech,Marketing,"Cole, Bernhard and Romaguera",4/23/2002,5:11 AM,90.148.249.226
132,Merwin,Evens,mevens3n,mevens3n@acquirethisname.com,2006,678-503-5326,87417,Vahlen,11110,Chickasaw,Assistant Media Planner,Marketing,Rodriguez and Sons,12/10/2012,12:29 PM,125.146.203.7
133,Fanya,Cossar,fcossar3o,fcossar3o@mashable.com,2008,305-290-7914,6463,Carioca,413270,Taiwanese,Professor,Business Development,Bernier-Bosco,10/22/2005,10:47 AM,125.144.222.89
134,Polly,Lamping,plamping3p,plamping3p@imgur.com,1999,443-330-6540,17,Sutherland,,Argentinian,Analyst Programmer,Sales,Abshire and Sons,6/11/2012,8:15 PM,223.194.138.70
135,Demetris,Schild,dschild3q,dschild3q@pbs.org,1997,735-626-3364,553,Green Ridge,62265-000,American Indian,Software Consultant,Business Development,Dickinson-Stroman,10/20/2002,11:24 PM,75.114.81.85
136,Gerti,Torrent,gtorrent3r,gtorrent3r@usa.gov,2000,637-857-8211,5,Manitowish,N4K,Iroquois,Structural Analysis Engineer,Engineering,"Lesch, Smith and Wisoky",5/6/2007,2:53 AM,30.40.0.25
137,Maryrose,Adanez,madanez3s,madanez3s@phpbb.com,2004,217-683-3611,24,Summit,,Puget Sound Salish,Web Developer IV,Accounting,Macejkovic Inc,10/13/2000,5:15 PM,198.41.198.167
138,Adrian,Weekley,aweekley3t,aweekley3t@dmoz.org,2005,960-271-6946,33788,Laurel,,Lumbee,Computer Systems Analyst IV,Business Development,"Senger, Abernathy and Goodwin",9/29/2006,5:10 PM,151.199.239.124
139,Cari,Kubacki,ckubacki3u,ckubacki3u@squarespace.com,2006,228-476-7693,0601,Summit,,Cuban,Payment Adjustment Coordinator,Accounting,Frami LLC,11/11/2016,10:11 PM,70.124.57.167
140,Michaella,Bauduin,mbauduin3v,mbauduin3v@barnesandnoble.com,1992,490-258-9431,81589,Almo,,Melanesian,Technical Writer,Training,Grant-Parisian,3/17/2009,6:18 PM,118.153.59.204
141,Tybi,Dener,tdener3w,tdener3w@digg.com,2006,585-786-1733,0062,Menomonie,9498,Peruvian,Occupational Therapist,Business Development,Grant LLC,2/14/2015,1:05 PM,133.206.62.233
142,Arabel,McNeil,amcneil3x,amcneil3x@eepurl.com,2010,910-887-0539,1,Dexter,3714,Chamorro,Speech Pathologist,Marketing,"Baumbach, Ankunding and Becker",4/28/2003,8:36 AM,91.67.108.91
143,Ilka,Fairfoot,ifairfoot3y,ifairfoot3y@hud.gov,1987,141-621-7183,127,Westerfield,,Creek,Mechanical Systems Engineer,Services,"Stanton, Bernier and Bernier",1/29/2004,4:38 AM,96.207.56.2
144,Yanaton,Witherdon,ywitherdon3z,ywitherdon3z@squidoo.com,1969,202-516-2367,3912,Little Fleur,09220,Chickasaw,Operator,Services,"Veum, Spencer and Lang",7/21/2003,12:13 AM,238.244.141.133
145,Elyn,Cobbin,ecobbin40,ecobbin40@buzzfeed.com,1988,323-131-5134,46920,Aberg,243371,Chippewa,Junior Executive,Legal,Rau-Steuber,12/30/2009,2:25 PM,240.242.131.219
146,Heinrick,Harses,hharses41,hharses41@jalbum.net,1985,481-469-3285,506,Judy,,Sioux,Quality Control Specialist,Human Resources,Mayert Inc,7/8/2018,3:08 PM,222.128.88.145
147,Franciska,Worswick,fworswick42,fworswick42@flickr.com,2011,445-613-9756,01005,Jay,7541,Alaskan Athabascan,Mechanical Systems Engineer,Support,Gulgowski-Rohan,7/27/2008,12:05 PM,233.38.24.253
148,Tibold,Duckhouse,tduckhouse43,tduckhouse43@answers.com,2011,170-110-7216,7,Novick,,American Indian and Alaska Native (AIAN),Quality Engineer,Engineering,Wilderman and Sons,11/9/2019,1:01 PM,153.241.218.184
149,Jermayne,Silk,jsilk44,jsilk44@rambler.ru,2006,357-119-2832,756,Lerdahl,7103,Polynesian,Computer Systems Analyst III,Training,Maggio LLC,11/29/2006,5:57 AM,218.54.209.30
150,Cheslie,Segot,csegot45,csegot45@boston.com,2004,687-463-9995,85693,Nancy,4420,Paiute,Junior Executive,Support,Mayert LLC,3/6/2003,5:38 PM,130.74.113.9